{
  "version": 1,
  "author": "Uri Shaked",
  "editor": "wokwi",
  "parts": [
    { "type": "board-esp32-devkit-c-v4", "id": "esp", "top": 19.2, "left": -119.96, "attrs": {} },
    {
      "type": "wokwi-resistor",
      "id": "r1",
      "top": 176.75,
      "left": 67.2,
      "attrs": { "value": "220" }
    },
    {
      "type": "wokwi-resistor",
      "id": "r2",
      "top": 42.35,
      "left": 86.4,
      "attrs": { "value": "110000" }
    },
    { "type": "wokwi-led", "id": "led1", "top": 25.2, "left": 205.4, "attrs": { "color": "red" } },
    {
      "type": "wokwi-photoresistor-sensor",
      "id": "ldr1",
      "top": -83.2,
      "left": -8.8,
      "attrs": {}
    }
  ],
  "connections": [
    [ "esp:TX", "$serialMonitor:RX", "", [] ],
    [ "esp:RX", "$serialMonitor:TX", "", [] ],
    [ "esp:3V3", "ldr1:VCC", "red", [ "h-19.05", "v-144", "h316.8", "v0" ] ],
    [ "ldr1:AO", "esp:34", "green", [ "h9.6", "v56.9", "h-326.4", "v-9.6" ] ],
    [ "led1:A", "r1:2", "green", [ "v0" ] ],
    [ "esp:2", "r1:1", "green", [ "h0" ] ],
    [ "ldr1:GND", "r2:2", "black", [ "h38.4", "v105.2" ] ],
    [ "r2:1", "esp:GND.2", "black", [ "v0" ] ],
    [ "led1:C", "esp:GND.2", "black", [ "v0", "h-230", "v-19.2", "h0" ] ]
  ],
  "dependencies": {}
}